method_order,method_key,method_name,method_stage,operator_key,operator_name,dynamic_path_enabled,response_feedback_enabled,input_mode,boundary_floor,path_manifestation,final_w12,final_w23,final_path_dominance_index,mean_path_dominance_index,edge_current_rms_1F_2F,edge_current_rms_2F_3F,edge_current_concentration_ratio_1F_2F_over_2F_3F,mean_evolved_av_next_vs_measured_av_corr,mean_evolved_abs_av_next_vs_measured_abs_av_corr,mean_one_step_av_evolution_residual_rmse,mean_target_hit_power_alignment_corr,mean_signed_hit_power_vs_signed_av_corr,mean_target_hit_peak_time_offset_seconds,work_capacity_scale,mean_manifested_work_ratio,mean_unmanifested_work_margin,max_response_floor
1,qsm,QSM,qsm,zero_diagonal,Zero-diagonal Hamiltonian H=-W,False,False,boundary_input_only,1F,near-equal / no clear final path indication,1.0,1.0,0.0,0.0,0.5595207576427663,0.5610601463382054,0.9972562857895303,-0.1352074096010898,0.6713213670242938,13553.650436162696,0.6713213670242938,-0.1352074096010898,1.2830000000000013,19.020567179925454,0.6157526265276779,0.384247373472322,3F
2,qte,QTE,qte,laplacian,Laplacian topology Hamiltonian H=L(W),True,False,boundary_input_only,1F,near-equal / no clear final path indication,0.9996200241569346,1.0003799758430654,-0.0003799758430651821,-0.006783386215610084,0.46836386401280655,0.4763814969377873,0.9831697222131804,-0.038518715264442914,0.7650680843379544,13214.599809736223,0.7650680843379544,-0.038518715264442914,0.2343333333333343,28.0569539995639,0.450361648150786,0.549638351849214,3F
3,fate,FATE,fate,laplacian,Sensor-aware Laplacian evolution (Aware_power),True,True,floor_state_assimilated,1F,1F-2F lower-interface indication,1.1402202543022613,0.859779745697739,0.14022025430219104,0.43524292443420504,0.4442495073600204,0.11805239711527184,3.7631553294294515,0.322514415152764,0.6154400558981449,22738.815768081546,0.6154400558981449,0.322514415152764,0.06300000000000239,12.231488201454129,0.5069021589478847,0.4930978410521152,3F
